{
  "E001": {
    "x": 0.7490706319702602,
    "y": 0.18736383442265794
  },
  "E002": {
    "x": 0.6970260223048327,
    "y": 0.18736383442265794
  },
  "E003": {
    "x": 0.6449814126394052,
    "y": 0.19389978213507625
  },
  "E004": {
    "x": 0.6059479553903345,
    "y": 0.22004357298474944
  },
  "E005": {
    "x": 0.570631970260223,
    "y": 0.24836601307189543
  },
  "E006": {
    "x": 0.5483271375464684,
    "y": 0.2875816993464052
  },
  "E007": {
    "x": 0.5241635687732342,
    "y": 0.3224400871459695
  },
  "E008": {
    "x": 0.5,
    "y": 0.3660130718954248
  },
  "E009": {
    "x": 0.4795539033457249,
    "y": 0.4139433551198257
  },
  "E010": {
    "x": 0.6840148698884758,
    "y": 0.12200435729847495
  },
  "E011": {
    "x": 0.6338289962825279,
    "y": 0.1394335511982571
  },
  "E012": {
    "x": 0.5910780669144982,
    "y": 0.16339869281045752
  },
  "E013": {
    "x": 0.5557620817843866,
    "y": 0.19825708061002179
  },
  "E014": {
    "x": 0.5241635687732342,
    "y": 0.23529411764705882
  },
  "E015": {
    "x": 0.5,
    "y": 0.2788671023965142
  },
  "E016": {
    "x": 0.47769516728624534,
    "y": 0.32461873638344224
  },
  "E017": {
    "x": 0.4591078066914498,
    "y": 0.3790849673202614
  },
  "E018": {
    "x": 0.6152416356877324,
    "y": 0.08061002178649238
  },
  "E019": {
    "x": 0.5724907063197026,
    "y": 0.1111111111111111
  },
  "E020": {
    "x": 0.533457249070632,
    "y": 0.14596949891067537
  },
  "E021": {
    "x": 0.5,
    "y": 0.18736383442265794
  },
  "E022": {
    "x": 0.47769516728624534,
    "y": 0.23529411764705882
  },
  "E023": {
    "x": 0.4516728624535316,
    "y": 0.2875816993464052
  },
  "E024": {
    "x": 0.4368029739776952,
    "y": 0.3464052287581699
  },
  "E025": {
    "x": 0.5427509293680297,
    "y": 0.06100217864923747
  },
  "E026": {
    "x": 0.5,
    "y": 0.10021786492374728
  },
  "E027": {
    "x": 0.4684014869888476,
    "y": 0.14596949891067537
  },
  "E028": {
    "x": 0.44423791821561337,
    "y": 0.19607843137254902
  },
  "E029": {
    "x": 0.42936802973977695,
    "y": 0.24836601307189543
  },
  "E030": {
    "x": 0.4144981412639405,
    "y": 0.3093681917211329
  },
  "E031": {
    "x": 0.5,
    "y": 0.013071895424836602
  },
  "E032": {
    "x": 0.45724907063197023,
    "y": 0.06100217864923747
  },
  "E033": {
    "x": 0.42936802973977695,
    "y": 0.1111111111111111
  },
  "E034": {
    "x": 0.40892193308550184,
    "y": 0.16339869281045752
  },
  "E035": {
    "x": 0.3940520446096654,
    "y": 0.22004357298474944
  },
  "E036": {
    "x": 0.3940520446096654,
    "y": 0.27450980392156865
  },
  "E037": {
    "x": 0.3847583643122677,
    "y": 0.08061002178649238
  },
  "E038": {
    "x": 0.36617100371747213,
    "y": 0.13725490196078433
  },
  "E039": {
    "x": 0.3550185873605948,
    "y": 0.19389978213507625
  },
  "E040": {
    "x": 0.3475836431226766,
    "y": 0.25925925925925924
  },
  "E041": {
    "x": 0.35687732342007433,
    "y": 0.3115468409586057
  },
  "E042": {
    "x": 0.3828996282527881,
    "y": 0.3464052287581699
  },
  "E043": {
    "x": 0.4070631970260223,
    "y": 0.3812636165577342
  },
  "E044": {
    "x": 0.43308550185873607,
    "y": 0.420479302832244
  },
  "E045": {
    "x": 0.46654275092936803,
    "y": 0.46187363834422657
  },
  "E046": {
    "x": 0.3159851301115242,
    "y": 0.12418300653594772
  },
  "E047": {
    "x": 0.30297397769516726,
    "y": 0.18736383442265794
  },
  "E048": {
    "x": 0.30111524163568776,
    "y": 0.24836601307189543
  },
  "E049": {
    "x": 0.3104089219330855,
    "y": 0.3115468409586057
  },
  "E050": {
    "x": 0.3308550185873606,
    "y": 0.35947712418300654
  },
  "E051": {
    "x": 0.3587360594795539,
    "y": 0.39869281045751637
  },
  "E052": {
    "x": 0.3903345724907063,
    "y": 0.4357298474945534
  },
  "E053": {
    "x": 0.4312267657992565,
    "y": 0.477124183006536
  },
  "E054": {
    "x": 0.25092936802973975,
    "y": 0.18736383442265794
  },
  "E055": {
    "x": 0.25092936802973975,
    "y": 0.25925925925925924
  },
  "E056": {
    "x": 0.2620817843866171,
    "y": 0.3224400871459695
  },
  "E057": {
    "x": 0.2862453531598513,
    "y": 0.3769063180827887
  },
  "E058": {
    "x": 0.31784386617100374,
    "y": 0.4117647058823529
  },
  "E059": {
    "x": 0.35315985130111527,
    "y": 0.45098039215686275
  },
  "E060": {
    "x": 0.395910780669145,
    "y": 0.49019607843137253
  },
  "E061": {
    "x": 0.1970260223048327,
    "y": 0.2788671023965142
  },
  "E062": {
    "x": 0.21561338289962825,
    "y": 0.3485838779956427
  },
  "E063": {
    "x": 0.24535315985130113,
    "y": 0.4008714596949891
  },
  "E064": {
    "x": 0.27695167286245354,
    "y": 0.4400871459694989
  },
  "E065": {
    "x": 0.3141263940520446,
    "y": 0.4684095860566449
  },
  "E066": {
    "x": 0.36059479553903345,
    "y": 0.5054466230936819
  },
  "E067": {
    "x": 0.1412639405204461,
    "y": 0.3137254901960784
  },
  "E068": {
    "x": 0.17100371747211895,
    "y": 0.3812636165577342
  },
  "E069": {
    "x": 0.20260223048327136,
    "y": 0.4444444444444444
  },
  "E070": {
    "x": 0.23977695167286245,
    "y": 0.4793028322440087
  },
  "E071": {
    "x": 0.2825278810408922,
    "y": 0.5076252723311547
  },
  "E072": {
    "x": 0.32342007434944237,
    "y": 0.5206971677559913
  },
  "E073": {
    "x": 0.09665427509293681,
    "y": 0.35947712418300654
  },
  "E074": {
    "x": 0.2100371747211896,
    "y": 0.5272331154684096
  },
  "E075": {
    "x": 0.2527881040892193,
    "y": 0.5555555555555556
  },
  "E076": {
    "x": 0.30111524163568776,
    "y": 0.5686274509803921
  },
  "E077": {
    "x": 0.34386617100371747,
    "y": 0.5686274509803921
  },
  "E078": {
    "x": 0.379182156133829,
    "y": 0.5533769063180828
  },
  "E079": {
    "x": 0.4163568773234201,
    "y": 0.5315904139433552
  },
  "E080": {
    "x": 0.45539033457249073,
    "y": 0.5163398692810458
  },
  "E081": {
    "x": 0.5,
    "y": 0.49455337690631807
  },
  "E082": {
    "x": 0.055762081784386616,
    "y": 0.4422657952069717
  },
  "E083": {
    "x": 0.18401486988847585,
    "y": 0.5816993464052288
  },
  "E084": {
    "x": 0.2342007434944238,
    "y": 0.6056644880174292
  },
  "E085": {
    "x": 0.2825278810408922,
    "y": 0.6187363834422658
  },
  "E086": {
    "x": 0.3252788104089219,
    "y": 0.6143790849673203
  },
  "E087": {
    "x": 0.37174721189591076,
    "y": 0.6056644880174292
  },
  "E088": {
    "x": 0.4144981412639405,
    "y": 0.5904139433551199
  },
  "E089": {
    "x": 0.45353159851301117,
    "y": 0.5686274509803921
  },
  "E090": {
    "x": 0.5,
    "y": 0.5359477124183006
  },
  "E091": {
    "x": 0.01858736059479554,
    "y": 0.5119825708061002
  },
  "E092": {
    "x": 0.06505576208178439,
    "y": 0.5664488017429193
  },
  "E093": {
    "x": 0.11524163568773234,
    "y": 0.6143790849673203
  },
  "E094": {
    "x": 0.16171003717472118,
    "y": 0.6339869281045751
  },
  "E095": {
    "x": 0.21933085501858737,
    "y": 0.664488017429194
  },
  "E096": {
    "x": 0.2732342007434944,
    "y": 0.6753812636165577
  },
  "E097": {
    "x": 0.31970260223048325,
    "y": 0.6710239651416122
  },
  "E098": {
    "x": 0.36617100371747213,
    "y": 0.6601307189542484
  },
  "E099": {
    "x": 0.4070631970260223,
    "y": 0.6405228758169934
  },
  "E100": {
    "x": 0.45539033457249073,
    "y": 0.6143790849673203
  },
  "E101": {
    "x": 0.49814126394052044,
    "y": 0.6230936819172114
  },
  "E102": {
    "x": 0.046468401486988845,
    "y": 0.6492374727668845
  },
  "E103": {
    "x": 0.10408921933085502,
    "y": 0.6862745098039216
  },
  "E104": {
    "x": 0.1579925650557621,
    "y": 0.7124183006535948
  },
  "E105": {
    "x": 0.21561338289962825,
    "y": 0.7320261437908496
  },
  "E106": {
    "x": 0.2732342007434944,
    "y": 0.738562091503268
  },
  "E107": {
    "x": 0.3271375464684015,
    "y": 0.7342047930283224
  },
  "E108": {
    "x": 0.3736059479553903,
    "y": 0.7189542483660131
  },